term,estimate,p.value,outcome
BCEtP,0.09050758701299168,0.039977606518647346,posteriorcingulate
BCEtP,0.28598548831744686,0.03434218521227983,precentral
BDCPP,-0.1776379173376308,0.013870088466685027,parstriangularis
BDCPP,-0.04099457520775655,0.01427790739139212,transversetemporal
DPHP,-0.07890216160812027,0.023559629449978914,isthmuscingulate
DPHP,-0.04426337528449356,0.018605891383365214,transversetemporal
